id;first_name;last_name;user_name;user_id;chat_id;phone;conversation_meta_data;loaded_page
1;Maureen;Heaney;turn-key Awesome;13657;navigating;1-246-242-6736 x4401;Re-engineered deposit Producer;11098
2;Dolly;Donnelly;interactive;427;Bedfordshire Forward Cotton;(556) 034-1370;Unbranded Plastic Fish;12974
3;Vincenza;Zboncak;Svalbard & Jan Mayen Islands digital 5th generation;31874;Latvia;(962) 462-5335;JSON payment override;42624
4;Monserrat;Parisian;Canyon Money Market Account;38395;supply-chains Home Loan Account calculating;533.038.5985 x46207;collaborative;27380
5;Reina;Stoltenberg;Greens connecting portal;76585;Health;1-779-131-9752 x021;indexing;64507
6;Layla;O'Reilly;teal;47561;back-end Functionality;1-567-702-4149 x59385;Tasty Rubber Computer Maine;30892
7;Jessy;Davis;overriding;83510;Gloves;941-541-9157 x41491;Handmade Customer mission-critical;9285
8;Tierra;Legros;Algerian Dinar Producer;58897;exuding deliver Berkshire;233-349-6332 x9872;Martinique;86935
9;Rudolph;Keeling;bypass;7387;navigating Chair Village;333-349-6230 x1965;didactic;30833
10;Briana;Upton;Handmade AGP;80019;web-readiness;569-873-3901 x479;Awesome invoice;43715
