id;first_name;last_name;user_name;chat_id;phone;conversation_meta_data;loaded_page
1;Carolina;Nolan;Direct enhance Pizza;Refined Soft Towels;(120) 309-4718 x2121;AI Checking Account;7913
2;Hal;McKenzie;Chips;Concrete 5th generation Nigeria;789-218-1384;rich tertiary;10717
3;Joshua;Abbott;Plastic Buckinghamshire;Program Cross-platform;1-527-009-9801 x35598;EXE dot-com;19635
4;Romaine;Lindgren;Sausages;back-end system Assistant;882-174-2302 x3922;invoice Corporate;65178
5;Frank;Mohr;mission-critical payment visualize;Morocco Fully-configurable;(432) 078-3250;harness Auto Loan Account Sharable;34022
6;Laverna;Roberts;program RAM Guyana Dollar;Wyoming payment;331-965-7878 x78677;heuristic;31774
7;Merl;Weber;parsing Computers;recontextualize Pakistan solutions;592-606-4613;cyan convergence Tasty;71321
8;Coty;Russel;Refined Cotton Cheese deposit;Chief multi-byte;(288) 274-8893;Keys;1859
9;Glen;Turcotte;Horizontal European Unit of Account 9(E.U.A.-9);purple service-desk engage;1-575-818-2269 x999;Toys;22874
10;Candace;Nicolas;virtual redefine Savings Account;Granite e-tailers Factors;(391) 458-5960 x6501;Chips drive disintermediate;4084
